-- MySQL dump 10.13  Distrib 8.2.0, for Linux (x86_64)
--
-- Host: localhost    Database: chris_database
-- ------------------------------------------------------
-- Server version	8.2.0

/*!40101 SET @OLD_CHARACTER_SET_CLIENT=@@CHARACTER_SET_CLIENT */;
/*!40101 SET @OLD_CHARACTER_SET_RESULTS=@@CHARACTER_SET_RESULTS */;
/*!40101 SET @OLD_COLLATION_CONNECTION=@@COLLATION_CONNECTION */;
/*!50503 SET NAMES utf8mb4 */;
/*!40103 SET @OLD_TIME_ZONE=@@TIME_ZONE */;
/*!40103 SET TIME_ZONE='+00:00' */;
/*!40014 SET @OLD_UNIQUE_CHECKS=@@UNIQUE_CHECKS, UNIQUE_CHECKS=0 */;
/*!40014 SET @OLD_FOREIGN_KEY_CHECKS=@@FOREIGN_KEY_CHECKS, FOREIGN_KEY_CHECKS=0 */;
/*!40101 SET @OLD_SQL_MODE=@@SQL_MODE, SQL_MODE='NO_AUTO_VALUE_ON_ZERO' */;
/*!40111 SET @OLD_SQL_NOTES=@@SQL_NOTES, SQL_NOTES=0 */;

--
-- Table structure for table `Locations`
--

-- 創建一個新的資料庫
USE chris_database;

/*!40101 SET @saved_cs_client     = @@character_set_client */;
/*!50503 SET character_set_client = utf8mb4 */;
CREATE TABLE `Locations` (
  `id` int NOT NULL,
  `title` varchar(255) NOT NULL,
  `city` varchar(255) NOT NULL,
  `address` varchar(255) NOT NULL,
  `createdAt` datetime NOT NULL,
  `updatedAt` datetime NOT NULL,
  PRIMARY KEY (`id`)
) ENGINE=InnoDB DEFAULT CHARSET=utf8mb4 COLLATE=utf8mb4_0900_ai_ci;
/*!40101 SET character_set_client = @saved_cs_client */;

--
-- Dumping data for table `Locations`
--

LOCK TABLES `Locations` WRITE;
/*!40000 ALTER TABLE `Locations` DISABLE KEYS */;
INSERT INTO `Locations` VALUES 
(1,'花蓮物流中⼼','花蓮市','花蓮市國聯⼀路100號','2023-12-13 18:03:47','2023-12-13 18:03:47'),
(3,'桃園物流中⼼','桃園市','桃園市中壢區中央⻄路三段150號','2023-12-13 18:03:47','2023-12-13 18:03:47'),
(4,'台南物流中⼼','台南市','台南市安平區建平路18號','2023-12-13 18:03:47','2023-12-13 18:03:47'),
(6,'宜蘭物流中⼼','宜蘭市','宜蘭市中⼭路⼆段58號','2023-12-13 18:03:47','2023-12-13 18:03:47'),
(7,'台北物流中⼼','台北市','台北市中正區忠孝東路100號','2023-12-13 18:03:47','2023-12-13 18:03:47'),
(8,'澎湖物流中⼼','澎湖縣','澎湖縣⾺公市中正路200號','2023-12-13 18:03:47','2023-12-13 18:03:47'),
(9,'彰化物流中⼼','彰化市','彰化市中⼭路⼆段250號','2023-12-13 18:03:47','2023-12-13 18:03:47'),
(11,'南投物流中⼼','南投市','南投市⾃由路67號','2023-12-13 18:03:47','2023-12-13 18:03:47'),
(13,'新⽵物流中⼼','新⽵市','新⽵市東區光復路⼀段101號','2023-12-13 18:03:47','2023-12-13 18:03:47'),
(14,'基隆物流中⼼','基隆市','基隆市信⼀路50號','2023-12-13 18:03:47','2023-12-13 18:03:47'),
(15,'嘉義物流中⼼','嘉義市','嘉義市東區⺠族路380號','2023-12-13 18:03:47','2023-12-13 18:03:47'),
(18,'⾼雄物流中⼼','⾼雄市','⾼雄市前⾦區成功⼀路82號','2023-12-13 18:03:47','2023-12-13 18:03:47'),
(19,'⾦⾨物流中⼼','⾦⾨縣','⾦⾨縣⾦城鎮⺠⽣路90號','2023-12-13 18:03:47','2023-12-13 18:03:47'),
(21,'屏東物流中⼼','屏東市','屏東市⺠⽣路300號','2023-12-13 18:03:47','2023-12-13 18:03:47'),
(23,'雲林物流中⼼','雲林市','雲林市中正路五段120號','2023-12-13 18:03:47','2023-12-13 18:03:47'),
(24,'台中物流中⼼','台中市','台中市⻄區⺠⽣路200號','2023-12-13 18:03:47','2023-12-13 18:03:47');
/*!40000 ALTER TABLE `Locations` ENABLE KEYS */;
UNLOCK TABLES;

--
-- Table structure for table `Recipients`
--

/*!40101 SET @saved_cs_client     = @@character_set_client */;
/*!50503 SET character_set_client = utf8mb4 */;
CREATE TABLE `Recipients` (
  `id` int NOT NULL,
  `name` varchar(255) NOT NULL,
  `address` varchar(255) NOT NULL,
  `phone` varchar(255) NOT NULL,
  `createdAt` datetime NOT NULL,
  `updatedAt` datetime NOT NULL,
  PRIMARY KEY (`id`)
) ENGINE=InnoDB DEFAULT CHARSET=utf8mb4 COLLATE=utf8mb4_0900_ai_ci;
/*!40101 SET character_set_client = @saved_cs_client */;

--
-- Dumping data for table `Recipients`
--

LOCK TABLES `Recipients` WRITE;
/*!40000 ALTER TABLE `Recipients` DISABLE KEYS */;
INSERT INTO `Recipients` VALUES 
(1234,'賴⼩賴','台北市中正區仁愛路⼆段99號','091234567','2023-12-13 18:03:47','2023-12-13 18:03:47'),
(1235,'陳⼤明','新北市板橋區⽂化路⼀段100號','092345678','2023-12-13 18:03:47','2023-12-13 18:03:47'),
(1236,'林⼩芳','台中市⻄區⺠⽣路200號','093456789','2023-12-13 18:03:47','2023-12-13 18:03:47'),
(1237,'張美玲','⾼雄市前⾦區成功⼀路82號','094567890','2023-12-13 18:03:47','2023-12-13 18:03:47'),
(1238,'王⼩明','台南市安平區建平路18號','095678901','2023-12-13 18:03:47','2023-12-13 18:03:47'),
(1239,'劉⼤華','新⽵市東區光復路⼀段101號','096789012','2023-12-13 18:03:47','2023-12-13 18:03:47'),
(1240,'⿈⼩琳','彰化市中⼭路⼆段250號','097890123','2023-12-13 18:03:47','2023-12-13 18:03:47'),
(1241,'吳美美','花蓮市國聯⼀路100號','098901234','2023-12-13 18:03:47','2023-12-13 18:03:47'),
(1242,'蔡⼩虎','屏東市⺠⽣路300號','099012345','2023-12-13 18:03:47','2023-12-13 18:03:47'),
(1243,'鄭⼤勇','基隆市信⼀路50號','091123456','2023-12-13 18:03:47','2023-12-13 18:03:47'),
(1244,'謝⼩珍','嘉義市東區⺠族路380號','092234567','2023-12-13 18:03:47','2023-12-13 18:03:47'),
(1245,'潘⼤為','宜蘭市中⼭路⼆段58號','093345678','2023-12-13 18:03:47','2023-12-13 18:03:47'),
(1246,'趙⼩梅','南投市⾃由路67號','094456789','2023-12-13 18:03:47','2023-12-13 18:03:47'),
(1247,'周⼩⿓','雲林市中正路五段120號','095567890','2023-12-13 18:03:47','2023-12-13 18:03:47'),
(1248,'李⼤同','澎湖縣⾺公市中正路200號','096678901','2023-12-13 18:03:47','2023-12-13 18:03:47'),
(1249,'陳⼩凡','⾦⾨縣⾦城鎮⺠⽣路90號','097789012','2023-12-13 18:03:47','2023-12-13 18:03:47'),
(1250,'楊⼤明','台北市信義區松仁路50號','098890123','2023-12-13 18:03:47','2023-12-13 18:03:47'),
(1251,'吳⼩雯','新北市中和區景平路100號','099901234','2023-12-13 18:03:47','2023-12-13 18:03:47');
/*!40000 ALTER TABLE `Recipients` ENABLE KEYS */;
UNLOCK TABLES;

--
-- Table structure for table `ShipmentDetails`
--

/*!40101 SET @saved_cs_client     = @@character_set_client */;
/*!50503 SET character_set_client = utf8mb4 */;
CREATE TABLE `ShipmentDetails` (
  `id` int NOT NULL AUTO_INCREMENT,
  `date` datetime NOT NULL,
  `time` time NOT NULL,
  `status` varchar(255) NOT NULL,
  `createdAt` datetime NOT NULL,
  `updatedAt` datetime NOT NULL,
  `shipment_sno` varchar(255) DEFAULT NULL,
  `location_id` int DEFAULT NULL,
  PRIMARY KEY (`id`),
  KEY `shipment_sno` (`shipment_sno`),
  KEY `location_id` (`location_id`),
  CONSTRAINT `ShipmentDetails_ibfk_1` FOREIGN KEY (`shipment_sno`) REFERENCES `Shipments` (`sno`) ON DELETE SET NULL ON UPDATE CASCADE,
  CONSTRAINT `ShipmentDetails_ibfk_2` FOREIGN KEY (`location_id`) REFERENCES `Locations` (`id`) ON DELETE SET NULL ON UPDATE CASCADE
) ENGINE=InnoDB AUTO_INCREMENT=9821 DEFAULT CHARSET=utf8mb4 COLLATE=utf8mb4_0900_ai_ci;
/*!40101 SET character_set_client = @saved_cs_client */;

--
-- Dumping data for table `ShipmentDetails`
--

LOCK TABLES `ShipmentDetails` WRITE;
/*!40000 ALTER TABLE `ShipmentDetails` DISABLE KEYS */;
INSERT INTO `ShipmentDetails` VALUES 
(1261,'2023-12-12 00:00:00','17:24:21','In Transit','2023-12-13 18:03:52','2023-12-13 18:03:52','854947840',NULL),
(1464,'2023-12-13 00:00:00','21:54:36','Out for Delivery','2023-12-13 18:03:52','2023-12-13 18:03:52','804816342',NULL),
(1534,'2023-12-13 00:00:00','16:00:52','In Transit','2023-12-13 18:03:52','2023-12-13 18:03:52','762713421',NULL),
(1757,'2023-12-13 00:00:00','03:18:11','Delivered','2023-12-13 18:04:26','2023-12-13 18:04:26','428570610',NULL),
(1803,'2023-12-12 00:00:00','22:45:47','Delivered','2023-12-13 18:03:52','2023-12-13 18:03:52','762713421',NULL),
(2155,'2023-12-12 00:00:00','05:43:21','Delivered','2023-12-13 18:03:49','2023-12-13 18:03:49','629173450',NULL),
(2189,'2023-12-13 00:00:00','06:39:22','Out for Delivery','2023-12-13 18:03:52','2023-12-13 18:03:52','281862504',NULL),
(2197,'2023-12-13 00:00:00','13:29:23','Out for Delivery','2023-12-13 18:03:49','2023-12-13 18:03:49','629173450',NULL),
(2370,'2023-12-13 00:00:00','22:18:32','Package Received','2023-12-13 18:04:33','2023-12-13 18:04:33','146461055',NULL),
(2422,'2023-12-13 00:00:00','18:29:39','In Transit','2023-12-13 18:03:52','2023-12-13 18:03:52','259931755',NULL),
(2444,'2023-12-13 00:00:00','10:25:13','Delivered','2023-12-13 18:03:52','2023-12-13 18:03:52','281862504',NULL),
(2560,'2023-12-12 00:00:00','11:29:56','Package Received','2023-12-13 18:03:48','2023-12-13 18:03:48','255001813',NULL),
(2623,'2023-12-13 00:00:00','02:02:53','Delivered','2023-12-13 18:04:26','2023-12-13 18:04:26','428570610',NULL),
(2828,'2023-12-13 00:00:00','08:30:22','Out for Delivery','2023-12-13 18:03:52','2023-12-13 18:03:52','797321283',NULL),
(2875,'2023-12-12 00:00:00','15:23:49','Out for Delivery','2023-12-13 18:03:49','2023-12-13 18:03:49','309173042',NULL),
(2915,'2023-12-13 00:00:00','00:00:36','Out for Delivery','2023-12-13 18:03:48','2023-12-13 18:03:48','255001813',NULL),
(2986,'2023-12-12 00:00:00','01:56:47','In Transit','2023-12-13 18:03:52','2023-12-13 18:03:52','914628310',NULL),
(3013,'2023-12-13 00:00:00','20:15:46','Delivered','2023-12-13 18:03:52','2023-12-13 18:03:52','648560486',NULL),
(3048,'2023-12-12 00:00:00','03:56:23','Out for Delivery','2023-12-13 18:03:52','2023-12-13 18:03:52','112606236',NULL),
(3063,'2023-12-13 00:00:00','21:37:38','Delivered','2023-12-13 18:03:49','2023-12-13 18:03:49','828358680',NULL),
(3189,'2023-12-12 00:00:00','03:27:32','Package Received','2023-12-13 18:03:52','2023-12-13 18:03:52','914628310',NULL),
(3262,'2023-12-12 00:00:00','12:39:37','Package Received','2023-12-13 18:03:52','2023-12-13 18:03:52','762713421',NULL),
(3394,'2023-12-13 00:00:00','09:32:32','Delivered','2023-12-13 18:03:52','2023-12-13 18:03:52','303369108',NULL),
(3460,'2023-12-12 00:00:00','18:31:22','Package Received','2023-12-13 18:03:48','2023-12-13 18:03:48','522257149',NULL),
(3516,'2023-12-12 00:00:00','12:42:32','Delivered','2023-12-13 18:03:52','2023-12-13 18:03:52','854947840',NULL),
(3531,'2023-12-13 00:00:00','06:01:22','Package Received','2023-12-13 18:03:52','2023-12-13 18:03:52','797321283',NULL),
(3550,'2023-12-13 00:00:00','09:20:36','Package Received','2023-12-13 18:04:26','2023-12-13 18:04:26','483209590',NULL),
(3599,'2023-12-12 00:00:00','01:44:49','In Transit','2023-12-13 18:03:52','2023-12-13 18:03:52','112606236',NULL),
(3820,'2023-12-12 00:00:00','16:21:41','In Transit','2023-12-13 18:03:49','2023-12-13 18:03:49','884831034',NULL),
(3960,'2023-12-12 00:00:00','05:50:01','Delivered','2023-12-13 18:03:52','2023-12-13 18:03:52','797321283',NULL),
(3965,'2023-12-13 00:00:00','09:35:16','Package Received','2023-12-13 18:03:52','2023-12-13 18:03:52','804816342',NULL),
(4101,'2023-12-13 00:00:00','06:36:22','Package Received','2023-12-13 18:03:49','2023-12-13 18:03:49','309173042',NULL),
(4130,'2023-12-13 00:00:00','18:47:29','In Transit','2023-12-13 18:03:52','2023-12-13 18:03:52','648560486',NULL),
(4134,'2023-12-13 00:00:00','06:14:41','Out for Delivery','2023-12-13 18:04:32','2023-12-13 18:04:32','538299401',NULL),
(4152,'2023-12-13 00:00:00','10:24:27','Delivered','2023-12-13 18:03:49','2023-12-13 18:03:49','309173042',NULL),
(4367,'2023-12-12 00:00:00','11:35:51','Out for Delivery','2023-12-13 18:03:49','2023-12-13 18:03:49','603757591',NULL),
(4473,'2023-12-12 00:00:00','13:24:43','Out for Delivery','2023-12-13 18:03:52','2023-12-13 18:03:52','914628310',NULL),
(4498,'2023-12-13 00:00:00','13:46:47','In Transit','2023-12-13 18:03:52','2023-12-13 18:03:52','804816342',NULL),
(4537,'2023-12-13 00:00:00','10:07:51','In Transit','2023-12-13 18:03:49','2023-12-13 18:03:49','884831034',NULL),
(4683,'2023-12-13 00:00:00','18:07:52','Package Received','2023-12-13 18:04:33','2023-12-13 18:04:33','146461055',NULL),
(4872,'2023-12-12 00:00:00','11:44:47','Out for Delivery','2023-12-13 18:03:49','2023-12-13 18:03:49','825439849',NULL),
(5333,'2023-12-13 00:00:00','18:09:17','In Transit','2023-12-13 18:04:32','2023-12-13 18:04:32','538299401',NULL),
(5506,'2023-12-13 00:00:00','04:15:21','Delivered','2023-12-13 18:03:49','2023-12-13 18:03:49','535218402',NULL),
(5823,'2023-12-13 00:00:00','08:50:36','Out for Delivery','2023-12-13 18:03:52','2023-12-13 18:03:52','914628310',NULL),
(5927,'2023-12-13 00:00:00','17:04:52','Out for Delivery','2023-12-13 18:03:48','2023-12-13 18:03:48','289066903',NULL),
(6035,'2023-12-12 00:00:00','03:06:56','In Transit','2023-12-13 18:03:52','2023-12-13 18:03:52','648560486',NULL),
(6054,'2023-12-13 00:00:00','13:45:05','In Transit','2023-12-13 18:03:52','2023-12-13 18:03:52','303369108',NULL),
(6225,'2023-12-12 00:00:00','22:34:49','Package Received','2023-12-13 18:03:52','2023-12-13 18:03:52','762713421',NULL),
(6246,'2023-12-13 00:00:00','18:47:26','In Transit','2023-12-13 18:03:49','2023-12-13 18:03:49','309173042',NULL),
(6363,'2023-12-12 00:00:00','10:04:14','Out for Delivery','2023-12-13 18:03:49','2023-12-13 18:03:49','535218402',NULL),
(6510,'2023-12-13 00:00:00','03:31:00','Out for Delivery','2023-12-13 18:03:48','2023-12-13 18:03:48','522257149',NULL),
(6533,'2023-12-13 00:00:00','05:59:53','In Transit','2023-12-13 18:03:49','2023-12-13 18:03:49','535218402',NULL),
(6600,'2023-12-13 00:00:00','13:02:48','Out for Delivery','2023-12-13 18:03:52','2023-12-13 18:03:52','281862504',NULL),
(6621,'2023-12-13 00:00:00','21:18:07','Package Received','2023-12-13 18:03:49','2023-12-13 18:03:49','959783959',NULL),
(6772,'2023-12-13 00:00:00','03:16:50','Out for Delivery','2023-12-13 18:03:48','2023-12-13 18:03:48','289066903',NULL),
(6853,'2023-12-12 00:00:00','02:31:09','Package Received','2023-12-13 18:03:48','2023-12-13 18:03:48','255001813',NULL),
(6964,'2023-12-12 00:00:00','08:42:43','Package Received','2023-12-13 18:03:48','2023-12-13 18:03:48','255001813',NULL),
(7067,'2023-12-13 00:00:00','14:57:29','Delivered','2023-12-13 18:04:32','2023-12-13 18:04:33','538299401',NULL),
(7088,'2023-12-13 00:00:00','10:30:32','Delivered','2023-12-13 18:03:52','2023-12-13 18:03:52','797321283',NULL),
(7328,'2023-12-13 00:00:00','07:57:06','Out for Delivery','2023-12-13 18:03:52','2023-12-13 18:03:52','540428046',NULL),
(7410,'2023-12-13 00:00:00','20:57:21','In Transit','2023-12-13 18:04:26','2023-12-13 18:04:26','428570610',NULL),
(7453,'2023-12-13 00:00:00','17:43:12','Delivered','2023-12-13 18:03:48','2023-12-13 18:03:48','522257149',NULL),
(7459,'2023-12-12 00:00:00','10:38:36','Package Received','2023-12-13 18:03:52','2023-12-13 18:03:52','303369108',NULL),
(7496,'2023-12-13 00:00:00','16:38:15','Delivered','2023-12-13 18:03:52','2023-12-13 18:03:52','281862504',NULL),
(7688,'2023-12-13 00:00:00','03:12:21','In Transit','2023-12-13 18:03:52','2023-12-13 18:03:52','112606236',NULL),
(8091,'2023-12-13 00:00:00','08:26:52','Package Received','2023-12-13 18:03:49','2023-12-13 18:03:49','828358680',NULL),
(8152,'2023-12-13 00:00:00','21:03:39','Out for Delivery','2023-12-13 18:03:49','2023-12-13 18:03:49','462943461',NULL),
(8224,'2023-12-13 00:00:00','13:22:35','Out for Delivery','2023-12-13 18:03:48','2023-12-13 18:03:48','522257149',NULL),
(8228,'2023-12-13 00:00:00','14:31:27','Out for Delivery','2023-12-13 18:03:52','2023-12-13 18:03:52','762713421',NULL),
(8433,'2023-12-12 00:00:00','11:55:15','Package Received','2023-12-13 18:03:52','2023-12-13 18:03:52','387777853',NULL),
(8614,'2023-12-12 00:00:00','08:54:48','In Transit','2023-12-13 18:04:32','2023-12-13 18:04:32','538299401',NULL),
(8689,'2023-12-13 00:00:00','17:40:52','Package Received','2023-12-13 18:04:33','2023-12-13 18:04:33','146461055',NULL),
(8756,'2023-12-13 00:00:00','20:38:31','Package Received','2023-12-13 18:03:52','2023-12-13 18:03:52','112606236',NULL),
(8837,'2023-12-13 00:00:00','04:42:05','Delivered','2023-12-13 18:04:32','2023-12-13 18:04:32','538299401',NULL),
(8964,'2023-12-13 00:00:00','10:18:16','Delivered','2023-12-13 18:03:52','2023-12-13 18:03:52','854947840',NULL),
(9008,'2023-12-13 00:00:00','11:45:23','Out for Delivery','2023-12-13 18:03:49','2023-12-13 18:03:49','462943461',NULL),
(9421,'2023-12-12 00:00:00','01:39:55','Package Received','2023-12-13 18:03:48','2023-12-13 18:03:48','522257149',NULL),
(9534,'2023-12-13 00:00:00','12:39:16','Out for Delivery','2023-12-13 18:03:52','2023-12-13 18:03:52','854947840',NULL),
(9673,'2023-12-13 00:00:00','19:18:43','Out for Delivery','2023-12-13 18:03:52','2023-12-13 18:03:52','854947840',NULL),
(9723,'2023-12-13 00:00:00','03:38:29','Package Received','2023-12-13 18:03:52','2023-12-13 18:03:52','259931755',NULL),
(9800,'2023-12-13 00:00:00','17:34:11','Package Received','2023-12-13 18:03:49','2023-12-13 18:03:49','535218402',NULL),
(9820,'2023-12-13 00:00:00','06:46:10','Out for Delivery','2023-12-13 18:04:33','2023-12-13 18:04:33','146461055',NULL);
/*!40000 ALTER TABLE `ShipmentDetails` ENABLE KEYS */;
UNLOCK TABLES;

--
-- Table structure for table `Shipments`
--

/*!40101 SET @saved_cs_client     = @@character_set_client */;
/*!50503 SET character_set_client = utf8mb4 */;
CREATE TABLE `Shipments` (
  `sno` varchar(255) NOT NULL,
  `current_Location_Id` int NOT NULL,
  `id` int NOT NULL,
  `tracking_status` varchar(255) NOT NULL,
  `estimated_delivery` datetime NOT NULL,
  `createdAt` datetime NOT NULL,
  `updatedAt` datetime NOT NULL,
  PRIMARY KEY (`sno`),
  KEY `current_Location_Id` (`current_Location_Id`),
  KEY `id` (`id`),
  CONSTRAINT `Shipments_ibfk_1` FOREIGN KEY (`current_Location_Id`) REFERENCES `Locations` (`id`) ON UPDATE CASCADE,
  CONSTRAINT `Shipments_ibfk_2` FOREIGN KEY (`id`) REFERENCES `Recipients` (`id`) ON UPDATE CASCADE
) ENGINE=InnoDB DEFAULT CHARSET=utf8mb4 COLLATE=utf8mb4_0900_ai_ci;
/*!40101 SET character_set_client = @saved_cs_client */;

--
-- Dumping data for table `Shipments`
--

LOCK TABLES `Shipments` WRITE;
/*!40000 ALTER TABLE `Shipments` DISABLE KEYS */;
INSERT INTO `Shipments` VALUES 
('112606236',19,1237,'Returned to Sender','2024-04-12 00:00:00','2023-12-13 18:03:52','2023-12-13 18:03:52'),
('146461055',15,1235,'Created','2024-11-27 00:00:00','2023-12-13 18:04:33','2023-12-13 18:04:33'),
('255001813',1,1235,'Package Received','2024-04-19 00:00:00','2023-12-13 18:03:48','2023-12-13 18:03:48'),
('259931755',3,1240,'In Transit','2024-02-24 00:00:00','2023-12-13 18:03:52','2023-12-13 18:03:52'),
('281862504',4,1251,'In Transit','2024-11-01 00:00:00','2023-12-13 18:03:52','2023-12-13 18:03:52'),
('289066903',23,1243,'Returned to Sender','2024-12-05 00:00:00','2023-12-13 18:03:48','2023-12-13 18:03:48'),
('303369108',14,1244,'Delivered','2024-04-08 00:00:00','2023-12-13 18:03:52','2023-12-13 18:03:52'),
('309173042',9,1247,'Out for Delivery','2024-08-12 00:00:00','2023-12-13 18:03:49','2023-12-13 18:03:49'),
('387777853',6,1238,'Out for Delivery','2024-08-27 00:00:00','2023-12-13 18:03:52','2023-12-13 18:03:52'),
('428570610',6,1239,'Package Received','2024-08-07 00:00:00','2023-12-13 18:04:26','2023-12-13 18:04:26'),
('462943461',4,1242,'Delivery Attempted','2024-04-02 00:00:00','2023-12-13 18:03:49','2023-12-13 18:03:49'),
('483209590',15,1251,'Exception','2024-04-29 00:00:00','2023-12-13 18:04:26','2023-12-13 18:04:26'),
('522257149',3,1239,'Delivery Attempted','2024-09-28 00:00:00','2023-12-13 18:03:48','2023-12-13 18:03:48'),
('535218402',21,1242,'Exception','2024-09-13 00:00:00','2023-12-13 18:03:49','2023-12-13 18:03:49'),
('538299401',14,1235,'Out for Delivery','2024-02-28 00:00:00','2023-12-13 18:04:32','2023-12-13 18:04:32'),
('540428046',13,1243,'Created','2024-06-28 00:00:00','2023-12-13 18:03:52','2023-12-13 18:03:52'),
('603757591',23,1242,'In Transit','2024-03-30 00:00:00','2023-12-13 18:03:49','2023-12-13 18:03:49'),
('629173450',15,1243,'Package Received','2024-08-20 00:00:00','2023-12-13 18:03:49','2023-12-13 18:03:49'),
('648560486',8,1238,'Out for Delivery','2024-02-20 00:00:00','2023-12-13 18:03:52','2023-12-13 18:03:52'),
('762713421',18,1236,'Created','2023-12-26 00:00:00','2023-12-13 18:03:52','2023-12-13 18:03:52'),
('797321283',8,1246,'Delivery Attempted','2023-12-26 00:00:00','2023-12-13 18:03:52','2023-12-13 18:03:52'),
('804816342',11,1238,'Exception','2024-11-14 00:00:00','2023-12-13 18:03:52','2023-12-13 18:03:52'),
('825439849',21,1246,'Created','2024-05-13 00:00:00','2023-12-13 18:03:49','2023-12-13 18:03:49'),
('828358680',8,1247,'Out for Delivery','2024-03-11 00:00:00','2023-12-13 18:03:49','2023-12-13 18:03:49'),
('854947840',13,1242,'Delivery Attempted','2024-11-03 00:00:00','2023-12-13 18:03:52','2023-12-13 18:03:52'),
('884831034',3,1247,'Package Received','2024-11-07 00:00:00','2023-12-13 18:03:49','2023-12-13 18:03:49'),
('914628310',1,1249,'Exception','2024-07-02 00:00:00','2023-12-13 18:03:52','2023-12-13 18:03:52'),
('959783959',8,1236,'Created','2024-11-19 00:00:00','2023-12-13 18:03:49','2023-12-13 18:03:49');
/*!40000 ALTER TABLE `Shipments` ENABLE KEYS */;
UNLOCK TABLES;

/*!40103 SET TIME_ZONE=@OLD_TIME_ZONE */;

/*!40101 SET SQL_MODE=@OLD_SQL_MODE */;
/*!40014 SET FOREIGN_KEY_CHECKS=@OLD_FOREIGN_KEY_CHECKS */;
/*!40014 SET UNIQUE_CHECKS=@OLD_UNIQUE_CHECKS */;
/*!40101 SET CHARACTER_SET_CLIENT=@OLD_CHARACTER_SET_CLIENT */;
/*!40101 SET CHARACTER_SET_RESULTS=@OLD_CHARACTER_SET_RESULTS */;
/*!40101 SET COLLATION_CONNECTION=@OLD_COLLATION_CONNECTION */;
/*!40111 SET SQL_NOTES=@OLD_SQL_NOTES */;

-- Dump completed on 2023-12-15 18:06:14
